{"cameraMode":{"drawMode":0,"name":"Shaded","section":"Shading Mode"},"sceneLighting":true,"audioPlay":false,"sceneViewState":{"showFog":true,"showMaterialUpdate":false,"showSkybox":true,"showFlares":true,"showImageEffects":true,"showParticleSystems":true},"in2DMode":false,"pivot":{"x":-40.1094970703125,"y":-10.193155288696289,"z":13.509824752807618},"rotation":{"x":0.07802818715572357,"y":-0.6108214855194092,"z":0.06066909804940224,"w":0.785577654838562},"size":77.91350555419922,"orthographic":false}